{"frames":{"New Piskel0.png":{"frame":{"x":0,"y":0,"w":192,"h":192},"rotated":false,"trimmed":false,"spriteSourceSize":{"x":0,"y":0,"w":192,"h":192},"sourceSize":{"w":192,"h":192}},"New Piskel1.png":{"frame":{"x":192,"y":0,"w":192,"h":192},"rotated":false,"trimmed":false,"spriteSourceSize":{"x":0,"y":0,"w":192,"h":192},"sourceSize":{"w":192,"h":192}},"New Piskel2.png":{"frame":{"x":384,"y":0,"w":192,"h":192},"rotated":false,"trimmed":false,"spriteSourceSize":{"x":0,"y":0,"w":192,"h":192},"sourceSize":{"w":192,"h":192}},"New Piskel3.png":{"frame":{"x":0,"y":192,"w":192,"h":192},"rotated":false,"trimmed":false,"spriteSourceSize":{"x":0,"y":0,"w":192,"h":192},"sourceSize":{"w":192,"h":192}},"New Piskel4.png":{"frame":{"x":192,"y":192,"w":192,"h":192},"rotated":false,"trimmed":false,"spriteSourceSize":{"x":0,"y":0,"w":192,"h":192},"sourceSize":{"w":192,"h":192}},"New Piskel5.png":{"frame":{"x":384,"y":192,"w":192,"h":192},"rotated":false,"trimmed":false,"spriteSourceSize":{"x":0,"y":0,"w":192,"h":192},"sourceSize":{"w":192,"h":192}},"New Piskel6.png":{"frame":{"x":0,"y":384,"w":192,"h":192},"rotated":false,"trimmed":false,"spriteSourceSize":{"x":0,"y":0,"w":192,"h":192},"sourceSize":{"w":192,"h":192}},"New Piskel7.png":{"frame":{"x":192,"y":384,"w":192,"h":192},"rotated":false,"trimmed":false,"spriteSourceSize":{"x":0,"y":0,"w":192,"h":192},"sourceSize":{"w":192,"h":192}},"New Piskel8.png":{"frame":{"x":384,"y":384,"w":192,"h":192},"rotated":false,"trimmed":false,"spriteSourceSize":{"x":0,"y":0,"w":192,"h":192},"sourceSize":{"w":192,"h":192}}},"meta":{"app":"https://github.com/piskelapp/piskel/","version":"1.0","image":"New Piskel.png","format":"RGBA8888","size":{"w":576,"h":576}}}