{"frames":{"SUGAR RUSH_unefillette0.png":{"frame":{"x":0,"y":0,"w":32,"h":80},"rotated":false,"trimmed":false,"spriteSourceSize":{"x":0,"y":0,"w":32,"h":80},"sourceSize":{"w":32,"h":80}},"SUGAR RUSH_unefillette1.png":{"frame":{"x":0,"y":80,"w":32,"h":80},"rotated":false,"trimmed":false,"spriteSourceSize":{"x":0,"y":0,"w":32,"h":80},"sourceSize":{"w":32,"h":80}},"SUGAR RUSH_unefillette2.png":{"frame":{"x":0,"y":160,"w":32,"h":80},"rotated":false,"trimmed":false,"spriteSourceSize":{"x":0,"y":0,"w":32,"h":80},"sourceSize":{"w":32,"h":80}},"SUGAR RUSH_unefillette3.png":{"frame":{"x":0,"y":240,"w":32,"h":80},"rotated":false,"trimmed":false,"spriteSourceSize":{"x":0,"y":0,"w":32,"h":80},"sourceSize":{"w":32,"h":80}},"SUGAR RUSH_unefillette4.png":{"frame":{"x":0,"y":320,"w":32,"h":80},"rotated":false,"trimmed":false,"spriteSourceSize":{"x":0,"y":0,"w":32,"h":80},"sourceSize":{"w":32,"h":80}}},"meta":{"app":"https://github.com/piskelapp/piskel/","version":"1.0","image":"SUGAR RUSH_unefillette.png","format":"RGBA8888","size":{"w":32,"h":160}}}